Origen,Destino,Distancia
Paradero,Virgenpoblado,335
Paradero,RobertoVelandia,660
Paradero,EntradaMontana,965
Paradero,EmpresaIsosceles,1220
Paradero,SalidaMontana,1826
Paradero,SubestacionEnel,2214
Paradero,ColegioAmonia,1166
Paradero,NuevoMilenio,2018
Paradero,MonumentoGabo,2259
Paradero,Calle23,2612
Paradero,VirgenSantana,1373
Paradero,Biblioteca,1943
Paradero,Casadelacultura,2472
Paradero,Callepalmeras,2677
Paradero,Homecenter,4179
Paradero,PoliciaCentro,2967
Virgenpoblado,RobertoVelandia,295
Virgenpoblado,EntradaMontana,630
Virgenpoblado,EmpresaIsosceles,885
Virgenpoblado,SubestacionEnel,1879
Virgenpoblado,ColegioAmonia,831
Virgenpoblado,NuevoMilenio,1683
Virgenpoblado,MonumentoGabo,1924
Virgenpoblado,Calle23,2036
Virgenpoblado,VirgenSantana,1293
Virgenpoblado,Biblioteca,1863
Virgenpoblado,Casadelacultura,2392
Virgenpoblado,Callepalmeras,2597
Virgenpoblado,Homecenter,3844
Virgenpoblado,PoliciaCentro,2802
RobertoVelandia,EntradaMontana,335
RobertoVelandia,EmpresaIsosceles,590
RobertoVelandia,SalidaMontana,1196
RobertoVelandia,SubestacionEnel,1584
RobertoVelandia,ColegioAmonia,1126
RobertoVelandia,NuevoMilenio,1978
RobertoVelandia,MonumentoGabo,2219
RobertoVelandia,Calle23,2331
RobertoVelandia,VirgenSantana,743
RobertoVelandia,Biblioteca,1313
RobertoVelandia,Casadelacultura,1842
RobertoVelandia,Callepalmeras,2047
RobertoVelandia,Homecenter,3549
RobertoVelandia,PoliciaCentro,2337
EntradaMontana,EmpresaIsosceles,255
EntradaMontana,SalidaMontana,861
EntradaMontana,SubestacionEnel,1249
EntradaMontana,ColegioAmonia,1461
EntradaMontana,NuevoMilenio,2313
EntradaMontana,MonumentoGabo,493
EntradaMontana,Calle23,815
EntradaMontana,VirgenSantana,408
EntradaMontana,Biblioteca,978
EntradaMontana,Casadelacultura,1507
EntradaMontana,Callepalmeras,1712
EntradaMontana,Homecenter,3214
EntradaMontana,PoliciaCentro,2002
EmpresaIsosceles,SalidaMontana,606
EmpresaIsosceles,SubestacionEnel,1640
EmpresaIsosceles,ColegioAmonia,1716
EmpresaIsosceles,NuevoMilenio,2568
EmpresaIsosceles,MonumentoGabo,2809
EmpresaIsosceles,Calle23,2921
EmpresaIsosceles,VirgenSantana,663
EmpresaIsosceles,Biblioteca,1233
EmpresaIsosceles,Casadelacultura,1762
EmpresaIsosceles,Callepalmeras,1967
EmpresaIsosceles,PoliciaCentro,2257
SalidaMontana,SubestacionEnel,388
SalidaMontana,ColegioAmonia,2322
SalidaMontana,NuevoMilenio,3174
SalidaMontana,MonumentoGabo,3415
SalidaMontana,Calle23,3527
SalidaMontana,VirgenSantana,1269
SalidaMontana,Biblioteca,1839
SalidaMontana,Casadelacultura,2368
SalidaMontana,Callepalmeras,2573
SalidaMontana,Homecenter,4091
SalidaMontana,PoliciaCentro,2833
SubestacionEnel,Homecenter,1965
SubestacionEnel,ColegioAmonia,2710
SubestacionEnel,NuevoMilenio,3562
SubestacionEnel,MonumentoGabo,3803
SubestacionEnel,Calle23,3915
SubestacionEnel,VirgenSantana,1657
SubestacionEnel,Biblioteca,2227
SubestacionEnel,Casadelacultura,2756
SubestacionEnel,Callepalmeras,2961
SubestacionEnel,Homecenter,4479
SubestacionEnel,PoliciaCentro,3251
Homecenter,PoliciaCentro,1228
Homecenter,ColegioAmonia,4675
Homecenter,NuevoMilenio,5527
Homecenter,MonumentoGabo,5768
Homecenter,Calle23,5880
Homecenter,VirgenSantana,2806
Homecenter,Biblioteca,2236
Homecenter,Casadelacultura,1707
Homecenter,Callepalmeras,1502
PoliciaCentro,Callepalmeras,290
PoliciaCentro,ColegioAmonia,3633
PoliciaCentro,NuevoMilenio,4485
PoliciaCentro,MonumentoGabo,4726
PoliciaCentro,Calle23,4838
PoliciaCentro,VirgenSantana,1594
PoliciaCentro,Biblioteca,1024
PoliciaCentro,Casadelacultura,495
Callepalmeras,SubestacionEnel,1034
Callepalmeras,ColegioAmonia,3428
Callepalmeras,NuevoMilenio,4280
Callepalmeras,MonumentoGabo,4521
Callepalmeras,Calle23,4633
Callepalmeras,VirgenSantana,1304
Callepalmeras,Biblioteca,734
Callepalmeras,Casadelacultura,205
ColegioAmonia,NuevoMilenio,852
ColegioAmonia,SubestacionEnel,2710
ColegioAmonia,MonumentoGabo,1093
ColegioAmonia,Calle23,1205
ColegioAmonia,VirgenSantana,2124
ColegioAmonia,Biblioteca,2694
ColegioAmonia,Casadelacultura,3223
NuevoMilenio,MonumentoGabo,241
NuevoMilenio,Calle23,353
NuevoMilenio,VirgenSantana,2721
NuevoMilenio,Biblioteca,3291
NuevoMilenio,Casadelacultura,3820
Calle23,MonumentoGabo,322
Calle23,VirgenSantana,1223
Calle23,Biblioteca,1793
Calle23,Casadelacultura,2322
VirgenSantana,Biblioteca,570
VirgenSantana,MonumentoGabo,901
VirgenSantana,Casadelacultura,1099
Biblioteca,Casadelacultura,529
